antigen,TCR ,interaction
AAGIGILTV,CAISEVGVGQPQHF,1
AAGIGILTV,CASSLSFGTEAFF,1
AARAVFLAL,CASLGAQNNEQF,1
AARAVFLAL,CASSYSTGDEQYF,1
AIMDKNIIL,CASSVDGGSQPQHF,1
ALGIGILTV,CASSFLGTGVEQYF,1
ALIHHNTHL,CASSIESGSKQRNEQFF,1
ALIHHNTHL,CASSLAVQRPSGNTIYF,1
ALIHHNTHL,CASSPRDRVHEQYF,1
ALIHHNTHL,CASSQSETGDGYTF,1
ALIHHNTYL,CASSDLQENQPQHF,1
ALIHHNTYL,CSVVGTGSVITNEKLFF,1
ALLETLSLLL,CSARNRDTYYNEQFF,1
ALLQVTLLL,CASSSTDGYQETQYF,1
ALSPVIPHI,CASSFSGTFEAFF,1
ALSPVIPHI,CASSPVLGTYGYTF,1
ALSPVIPHI,CASSYFLEQYF,1
ALSPVIPLI,CAISETGGGQPQHF,1
ALSPVIPLI,CASSGAAGTSAYNEQFF,1
ALSPVIPLI,CASSGQGAYITDTQYF,1
ALSPVIPLI,CASSLGTLNEQFF,1
ALSPVIPLI,CASSPVLGTYGYTF,1
ALSPVIPLI,CASSQGPPGSGGGNEQFF,1
ALSPVIPLI,CASSVETGGLDTQYF,1
ALSPVIPLI,CASSYSSDRSSYEQYF,1
ALSPVIPLI,CASYPISRASYEQYF,1
ALSPVIPLI,CSATCNGTFLYQETQYF,1
ALSYTPAEV,CASSLGQEIPYYGYTF,1
ALSYTPAEV,CASSSPSGYEQYF,1
ALSYTPAEV,CASSTQGTGVYNEQFF,1
ALTPVVVTL,CASRMNTEAF,1
ALTPVVVTL,CASSAQGFGELF,1
ALTPVVVTL,CASSEGRETQYF,1
ALTPVVVTL,CASSIGQGPYEQYF,1
ALTPVVVTL,CASSLGGRRYEQYF,1
ALTPVVVTL,CASSLGQKEQYF,1
ALVGAIPSI,CASSFSAREYGYTF,1
ALWGPDPAAA,CASSLWEKLAKNIQYF,1
ALWGPDPAA,CASSLVPLSPEQYF,1
ALYGFVPVL,CASSGVAEWALETQYF,1
ALYGFVPVL,CASSPVGYEQYF,1
ALYGFVPVL,CASSQDGVQHF,1
ALYGFVPVL,CASSSLAGSRNEQFF,1
ALYGFVPVL,CASSWRRGTDTQYF,1
ALYGFVPVL,CASSYSGQGYTF,1
ALYGFVPVL,CTSSQDLRRKISTDTQYF,1
ALYGSVPVL,CASKSWDMAYEQYF,1
ALYGSVPVL,CASSDWGGETQYF,1
ALYGSVPVL,CASSPGTSYEQYF,1
ALYGSVPVL,CASSQDGVQHF,1
ALYGSVPVL,CASSQGGGGTDTQYF,1
ALYGSVPVL,CASSQGSGANVLTF,1
ALYGSVPVL,CASSYSSGTEAFF,1
ALYGSVPVL,CSVPEGNTGELFF,1
ALYGSVPVL,CSWDFQETQYF,1
AMAGSLVFL,CASSPMTDSTDTQYF,1
AMAGSPVFL,CASSHDDRGPNEKLFF,1
AMFWSVPTV,CAFGVNWDLPHSGNTIYF,1
AMFWSVPTV,CAIGLAGAYEQYF,1
AMFWSVPTV,CAIGPQGGFYEQYF,1
AMFWSVPTV,CASKGLAGAYTDTQYF,1
AMFWSVPTV,CASRLTAGEYQETQYF,1
AMFWSVPTV,CASSASWTDYYGYTF,1
AMFWSVPTV,CASSAVDRVTSYNEQFF,1
AMFWSVPTV,CASSDLLTGELFF,1
AMFWSVPTV,CASSEGVGLAFEQFF,1
AMFWSVPTV,CASSELWGAGDNEQFF,1
AMFWSVPTV,CASSEPGTVEAFF,1
AMFWSVPTV,CASSFITGLHYEQYF,1
AMFWSVPTV,CASSFPGYGLNTEAFF,1
AMFWSVPTV,CASSFQGGTGNTIYF,1
AMFWSVPTV,CASSFSGGLTHEQYF,1
AMFWSVPTV,CASSFTAGLNTEAFF,1
AMFWSVPTV,CASSFTWGLNTEAFF,1
AMFWSVPTV,CASSFWGLSTEAFF,1
AMFWSVPTV,CASSGLITDTQYF,1
AMFWSVPTV,CASSHRTTDEETQYF,1
AMFWSVPTV,CASSIAGGYEQYF,1
AMFWSVPTV,CASSIASGIYEQYF,1
AMFWSVPTV,CASSIGGQEETQYF,1
AMFWSVPTV,CASSISAGYEQYF,1
AMFWSVPTV,CASSISGGYEQYF,1
AMFWSVPTV,CASSISSSEKLFF,1
AMFWSVPTV,CASSKLAGGLDTQYF,1
AMFWSVPTV,CASSLALPYEQYF,1
AMFWSVPTV,CASSLDLYEQYF,1
AMFWSVPTV,CASSLEIVGETEAFF,1
AMFWSVPTV,CASSLGAGEQFF,1
AMFWSVPTV,CASSLGAGEQYF,1
AMFWSVPTV,CASSLGGNEQYF,1
AMFWSVPTV,CASSLIAGNSDTQYF,1
AMFWSVPTV,CASSLITGLSYEQYF,1
AMFWSVPTV,CASSLVGGLAETQYF,1
AMFWSVPTV,CASSLVGGLSNQPQHF,1
AMFWSVPTV,CASSLVVGLALEQYF,1
AMFWSVPTV,CASSLVWGLGTEAFF,1
AMFWSVPTV,CASSLWDYGYTF,1
AMFWSVPTV,CASSLWGVGTEAFF,1
AMFWSVPTV,CASSLWYNQPQHF,1
AMFWSVPTV,CASSPGLLAGGSSWETQYF,1
AMFWSVPTV,CASSPIFGLTNEQYF,1
AMFWSVPTV,CASSPLAAPGSFETQYF,1
AMFWSVPTV,CASSPTPSGLWWELFF,1
AMFWSVPTV,CASSPTQGLAITGELFF,1
AMFWSVPTV,CASSQDWGLNYEQYF,1
AMFWSVPTV,CASSQEVGSGNTIYF,1
AMFWSVPTV,CASSQTHPPGELFF,1
AMFWSVPTV,CASSRLAGGLDTQYF,1
AMFWSVPTV,CASSRLAGTDTQYF,1
AMFWSVPTV,CASSSAGGGGNTIYF,1
AMFWSVPTV,CASSSDLYEQYF,1
AMFWSVPTV,CASSSDRGLPSGNTIYF,1
AMFWSVPTV,CASSSDWGLMNTEAFF,1
AMFWSVPTV,CASSSWTGLSLSFYGYTF,1
AMFWSVPTV,CASSTGTGLNTEAFF,1
AMFWSVPTV,CASSTGTGSYEQYF,1
AMFWSVPTV,CASSTSGGYEQYF,1
AMFWSVPTV,CASSTWTGMNTEAFF,1
AMFWSVPTV,CASSVDGAYNEQFF,1
AMFWSVPTV,CASSVDGDYNEQFF,1
AMFWSVPTV,CASSVLAGGLDTQYF,1
AMFWSVPTV,CASSWTGFGLNTEAFF,1
AMFWSVPTV,CASSYFGGEQFF,1
AMFWSVPTV,CASSYFGVNSPLHF,1
AMFWSVPTV,CASSYFSYEQYF,1
AMFWSVPTV,CASSYMLQTFNTEAFF,1
AMFWSVPTV,CASSYPGYGLNTEAFF,1
AMFWSVPTV,CASTHRTGLNTEAFF,1
AMFWSVPTV,CASTSTPGQVGQPQHF,1
AMFWSVPTV,CATSALAGQGRDEQFF,1
AMFWSVPTV,CATSALPGQETTDTQYF,1
AMFWSVPTV,CATSSAILAGVKETQYF,1
AMFWSVPTV,CSAHEGLEQYF,1
AMFWSVPTV,CSAQQGIQPQHF,1
AMFWSVPTV,CSARELAGFQETQYF,1
AMFWSVPTV,CSARTLAGFTDTQYF,1
AMFWSVPTV,CSPIRGIEQYF,1
AMFWSVPTV,CSVEEGIDEQYF,1
AMFWSVPTV,CSVVGGLLEAFF,1
ARMILMTHF,CAISESGQALITYEQYF,1
ARMILMTHF,CASALRGANVLTF,1
ARMILMTHF,CASCDNTGYEQYF,1
ARMILMTHF,CASGYAGANVLTF,1
ARMILMTHF,CASNFDKGGYEQYF,1
ARMILMTHF,CASREDGGGYEQYF,1
ARMILMTHF,CASRLGASSYNEQFF,1
ARMILMTHF,CASSDAYNEKLFF,1
ARMILMTHF,CASSEGSHSNQPQHF,1
ARMILMTHF,CASSEGTTNTGELFF,1
ARMILMTHF,CASSFDFQGSYEQYF,1
ARMILMTHF,CASSFDGGNQPQHF,1
ARMILMTHF,CASSFDGQGYEQYF,1
ARMILMTHF,CASSFDRGGYEQYF,1
ARMILMTHF,CASSFDSGAYEQYF,1
ARMILMTHF,CASSFDTGGYEQYF,1
ARMILMTHF,CASSFLGGLDEQFF,1
ARMILMTHF,CASSFSSGGYEQYF,1
ARMILMTHF,CASSHDTGGYEQYF,1
ARMILMTHF,CASSIDKLNTEAFF,1
ARMILMTHF,CASSIVGHLNTEAFF,1
ARMILMTHF,CASSIVGHMNTEAFF,1
ARMILMTHF,CASSLASNEQFF,1
ARMILMTHF,CASSLAVSSEQFF,1
ARMILMTHF,CASSLDASSASYEQYF,1
ARMILMTHF,CASSLEGSAGELFF,1
ARMILMTHF,CASSLGLPGLAGAYEQYF,1
ARMILMTHF,CASSLKAVVTGELFF,1
ARMILMTHF,CASSLKGQVGEQYF,1
ARMILMTHF,CASSLNLGAGNNEQFF,1
ARMILMTHF,CASSLYGGSNTGELFF,1
ARMILMTHF,CASSLYRVGYNEQFF,1
ARMILMTHF,CASSPATGTEAFF,1
ARMILMTHF,CASSPGTTNTGELFF,1
ARMILMTHF,CASSPLVQGGLQPQHF,1
ARMILMTHF,CASSPYGGSNTGELFF,1
ARMILMTHF,CASSQSSMQDPYGYTF,1
ARMILMTHF,CASSQVHLGQSTLNTEAFF,1
ARMILMTHF,CASSRARGSTEVREQFF,1
ARMILMTHF,CASSSGLALVFEQFF,1
ARMILMTHF,CASSTKQGWYEQYF,1
ARMILMTHF,CASSVSPDNTDTQYF,1
ARMILMTHF,CASSWDSGAEAFF,1
ARMILMTHF,CASSWTAIEQYF,1
ARMILMTHF,CASSYGQAYQPQHF,1
ARMILMTHF,CASSYSNLPVFSPNQPQHF,1
ARMILMTHF,CASTAGSNTGELFF,1
ARMILMTHF,CSASITGTEQYF,1
ARMILMTHF,CSVAHTGTEQYF,1
ARMILMTHF,CSVGGTGTYGYTF,1
ATDALMTGY,CAAADEEIGNQPQHF,1
ATDALMTGY,CAIGDDRAGNQPQHF,1
ATDALMTGY,CAIGTGTISTETQYF,1
ATDALMTGY,CAIRSGTINTGELFF,1
ATDALMTGY,CAISDAGAGNQPQHF,1
ATDALMTGY,CAISDGTVNNQPQHF,1
ATDALMTGY,CAISDQTSGNQPQHF,1
ATDALMTGY,CAISDSSSGSNEQFF,1
ATDALMTGY,CAISEDRALNEQFF,1
ATDALMTGY,CAISEDRALVSYTF,1
ATDALMTGY,CAISEEGIGNQPQHF,1
ATDALMTGY,CAISEGAMGNQPQHF,1
ATDALMTGY,CAISEGTGGHQPQHF,1
ATDALMTGY,CAISEGTVGFDEQYF,1
ATDALMTGY,CAISEGVSGGYNEQFF,1
ATDALMTGY,CAISESASGSNEQYF,1
ATDALMTGY,CAISESATGYQPQHF,1
ATDALMTGY,CAISESQGNTEAFF,1
ATDALMTGY,CAISESSAGNQPQHF,1
ATDALMTGY,CAISESSIGNQPQHF,1
ATDALMTGY,CAISESSSGANVLTF,1
ATDALMTGY,CAISESSSGNQPQHF,1
ATDALMTGY,CAISESSSGSNEQFF,1
ATDALMTGY,CAISESTAGNNEQFF,1
ATDALMTGY,CAISESTVGNQPQHF,1
ATDALMTGY,CARSRGGINTGELFF,1
ATDALMTGY,CASEAGTVNTNTQYF,1
ATDALMTGY,CASGGRGGGETQYF,1
ATDALMTGY,CASGSQGSTDTQYF,1
ATDALMTGY,CASIDRTIGNQPQHF,1
ATDALMTGY,CASILRDFSSGNTIYF,1
ATDALMTGY,CASKNRDVGYNEQFF,1
ATDALMTGY,CASMSRDLNTGELFF,1
ATDALMTGY,CASNPAGQLETQYF,1
ATDALMTGY,CASQGGEIGNNEQF,1
ATDALMTGY,CASQGGEIGNNEQFF,1
ATDALMTGY,CASRAGTSNTGELF,1
ATDALMTGY,CASRAGTSNTGELFF,1
ATDALMTGY,CASRALDITLGNVLTF,1
ATDALMTGY,CASRDILTSYNEQFF,1
ATDALMTGY,CASRDTYEQYF,1
ATDALMTGY,CASRETYEQYF,1
ATDALMTGY,CASRGGTINTGELF,1
ATDALMTGY,CASRGGTINTGELFF,1
ATDALMTGY,CASRHQLAQSSYNEQFF,1
ATDALMTGY,CASRPSGQLDEQF,1
ATDALMTGY,CASRPSGQLDEQFF,1
ATDALMTGY,CASRPTGQLETQYF,1
ATDALMTGY,CASRSGDTNTGELFF,1
ATDALMTGY,CASRSGTSNTGELF,1
ATDALMTGY,CASRSGTSNTGELFF,1
ATDALMTGY,CASRTGISNTGELF,1
ATDALMTGY,CASRTGISNTGELFF,1
ATDALMTGY,CASRTGTINTGELFF,1
ATDALMTGY,CASRTGTSNTGELF,1
ATDALMTGY,CASRTGTSNTGELFF,1
ATDALMTGY,CASRWTGQLDEQF,1
ATDALMTGY,CASRWTGQLDEQFF,1
ATDALMTGY,CASSAGTINTGELF,1
ATDALMTGY,CASSAGTINTGELFF,1
ATDALMTGY,CASSDGTANNQPQHF,1
ATDALMTGY,CASSDPDLLISTDTQYF,1
ATDALMTGY,CASSEAGQLNEQF,1
ATDALMTGY,CASSEAGQLNEQFF,1
ATDALMTGY,CASSEAVISYNEQFF,1
ATDALMTGY,CASSEGNGGINIQYF,1
ATDALMTGY,CASSERRYTGELFF,1
ATDALMTGY,CASSEVGLLNEQFF,1
ATDALMTGY,CASSEVGQLETQYF,1
ATDALMTGY,CASSEYPGPGANVLTF,1
ATDALMTGY,CASSFLAGFTDTQYF,1
ATDALMTGY,CASSFSGQLDTIYF,1
ATDALMTGY,CASSFTTMGNQPQHF,1
ATDALMTGY,CASSGDRDAGSSYEQYF,1
ATDALMTGY,CASSGGTASTDTQYF,1
ATDALMTGY,CASSHLLGVLAGGTDTQYF,1
ATDALMTGY,CASSIGGWRAEATNEKLFF,1
ATDALMTGY,CASSIRDAGNQPQHF,1
ATDALMTGY,CASSIRHSEYTDTQYF,1
ATDALMTGY,CASSLAPLAGGAFSYNEQFF,1
ATDALMTGY,CASSLDLGDRGGYGYTF,1
ATDALMTGY,CASSLGLAGGEETQYF,1
ATDALMTGY,CASSLGTGPSYEQYF,1
ATDALMTGY,CASSLLAGGWDEQFF,1
ATDALMTGY,CASSLLGQLYEQYF,1
ATDALMTGY,CASSLMQGQGRNGYTF,1
ATDALMTGY,CASSLPDINTGELFF,1
ATDALMTGY,CASSLRPQLGETQYF,1
ATDALMTGY,CASSLRQGGLTEAFF,1
ATDALMTGY,CASSLSGQLDEQF,1
ATDALMTGY,CASSLSGQLDEQFF,1
ATDALMTGY,CASSLSGQLDEQYF,1
ATDALMTGY,CASSLSGQLDTQYF,1
ATDALMTGY,CASSLSSHYGYTF,1
ATDALMTGY,CASSLTTGYGYTF,1
ATDALMTGY,CASSLVGGAGEQFF,1
ATDALMTGY,CASSLVGQLDEQYF,1
ATDALMTGY,CASSLVGQLETQYF,1
ATDALMTGY,CASSLVGQLYEQYF,1
ATDALMTGY,CASSMGTGAHEQYF,1
ATDALMTGY,CASSPDPGQLYEQYF,1
ATDALMTGY,CASSPFGTGPYEQYF,1
ATDALMTGY,CASSPGDTGANVLTF,1
ATDALMTGY,CASSPISISSGLPEYF,1
ATDALMTGY,CASSPLEAEAKNIQYF,1
ATDALMTGY,CASSPREIGNQPQHF,1
ATDALMTGY,CASSPRVVGSETQYF,1
ATDALMTGY,CASSPSGQLDEQF,1
ATDALMTGY,CASSPSGQLDEQFF,1
ATDALMTGY,CASSPSGQLETQYF,1
ATDALMTGY,CASSPSTANTQPQHF,1
ATDALMTGY,CASSPTGQLETQYF,1
ATDALMTGY,CASSQSGQLDTQYF,1
ATDALMTGY,CASSQTGQLDEQYF,1
ATDALMTGY,CASSSGATGANVLTF,1
ATDALMTGY,CASSSGTIGANVLTF,1
ATDALMTGY,CASSSGTINTGELF,1
ATDALMTGY,CASSSGTINTGELFF,1
ATDALMTGY,CASSSGTVNTGELF,1
ATDALMTGY,CASSSGTVNTGELFF,1
ATDALMTGY,CASSSGVSGANVLTF,1
ATDALMTGY,CASSSGVTNTGELFF,1
ATDALMTGY,CASSSHVGGGGASIDTQYF,1
ATDALMTGY,CASSSIATGANVLTF,1
ATDALMTGY,CASSSILGQGEHPVTDTQYF,1
ATDALMTGY,CASSSLGQLETQYF,1
ATDALMTGY,CASSSPASSTDTQYF,1
ATDALMTGY,CASSSRGQLDTQYF,1
ATDALMTGY,CASSSSGQLDEQF,1
ATDALMTGY,CASSSSGQLDEQFF,1
ATDALMTGY,CASSSSISGMRPRIYEQYF,1
ATDALMTGY,CASSSTDTGANVLTF,1
ATDALMTGY,CASSTGGSGNFSYEQYF,1
ATDALMTGY,CASSTGTSNTGELF,1
ATDALMTGY,CASSTGTSNTGELFF,1
ATDALMTGY,CASSVAETNTGELFF,1
ATDALMTGY,CASSVATLNTGELFF,1
ATDALMTGY,CASSVATVMTGELFF,1
ATDALMTGY,CASSVVGGVDEQFF,1
ATDALMTGY,CASSYRGQLNEQF,1
ATDALMTGY,CASSYRGQLNEQFF,1
ATDALMTGY,CASSYVGQLDEQF,1
ATDALMTGY,CASSYVGQLDEQFF,1
ATDALMTGY,CASTAPATNTGELFF,1
ATDALMTGY,CASTPDLSSYNEQFF,1
ATDALMTGY,CASTTGTIGNQPQHF,1
ATDALMTGY,CATRGTVINTGELFF,1
ATDALMTGY,CATTVGVIGNQPQHF,1
ATDALMTGY,CAVQPGQGMQPQHF,1
ATDALMTGY,CAGNNRDSSTDTQYF,1
ATDALMTGY,CAISESAVGYNEQFF,1
ATDALMTGY,CAISESPQSYEQYF,1
ATDALMTGY,CAISESTAGSQPQHF,1
ATDALMTGY,CAITDGASGANEQFF,1
ATDALMTGY,CASIEQGGDFTDTQYF,1
ATDALMTGY,CASRGDTFYEQYF,1
ATDALMTGY,CASRSLLGTRVETEAFF,1
ATDALMTGY,CASRTPGHLYEQYF,1
ATDALMTGY,CASSDPLGQGFSYEQYF,1
ATDALMTGY,CASSDTGTHIYEQYF,1
ATDALMTGY,CASSEGEINNQPQHF,1
ATDALMTGY,CASSEIGQLETQYF,1
ATDALMTGY,CASSETGQTYEQYF,1
ATDALMTGY,CASSGGLINTGELFF,1
ATDALMTGY,CASSGTRQISGTEAFF,1
ATDALMTGY,CASSIAGPPYNEQFF,1
ATDALMTGY,CASSIRDIGNQPQHF,1
ATDALMTGY,CASSLILAGGSYNEQFF,1
ATDALMTGY,CASSLRTAGYNEQFF,1
ATDALMTGY,CASSLVGSGDTQYF,1
ATDALMTGY,CASSLWGADGYTF,1
ATDALMTGY,CASSPASSSFYEQYF,1
ATDALMTGY,CASSPTGPFYGYTF,1
ATDALMTGY,CASSPWTSGGAYNEQFF,1
ATDALMTGY,CASSQEGSDNQPQHF,1
ATDALMTGY,CASSQSDLTAKQPQHF,1
ATDALMTGY,CASSSAPGQLETQYF,1
ATDALMTGY,CASSSAVIVPGELFF,1
ATDALMTGY,CASSTGLAAQETQYF,1
ATDALMTGY,CASSWWETSHEQFF,1
ATDALMTGY,CATSDASLSSYNEQFF,1
ATDALMTGY,CSAREIASSNQPQHF,1
ATDALMTGY,CSARPIDSSNQPQHF,1
ATDALMTGY,CAGNNRDSSTDTQYF,1
ATDALMTGY,CAISESAVGYNEQFF,1
ATDALMTGY,CAISESPQSYEQYF,1
ATDALMTGY,CAISESTAGSQPQHF,1
ATDALMTGY,CAITDGASGANEQFF,1
ATDALMTGY,CASIEQGGDFTDTQYF,1
ATDALMTGY,CASRGDTFYEQYF,1
ATDALMTGY,CASRSLLGTRVETEAFF,1
ATDALMTGY,CASRTPGHLYEQYF,1
ATDALMTGY,CASSDPLGQGFSYEQYF,1
ATDALMTGY,CASSDTGTHIYEQYF,1
ATDALMTGY,CASSEGEINNQPQHF,1
ATDALMTGY,CASSEIGQLETQYF,1
ATDALMTGY,CASSETGQTYEQYF,1
ATDALMTGY,CASSGGLINTGELFF,1
ATDALMTGY,CASSGTRQISGTEAFF,1
ATDALMTGY,CASSIAGPPYNEQFF,1
ATDALMTGY,CASSIRDIGNQPQHF,1
ATDALMTGY,CASSLILAGGSYNEQFF,1
ATDALMTGY,CASSLRTAGYNEQFF,1
ATDALMTGY,CASSLVGSGDTQYF,1
ATDALMTGY,CASSLWGADGYTF,1
ATDALMTGY,CASSPASSSFYEQYF,1
ATDALMTGY,CASSPTGPFYGYTF,1
ATDALMTGY,CASSPWTSGGAYNEQFF,1
ATDALMTGY,CASSQEGSDNQPQHF,1
ATDALMTGY,CASSQSDLTAKQPQHF,1
ATDALMTGY,CASSSAPGQLETQYF,1
ATDALMTGY,CASSSAVIVPGELFF,1
ATDALMTGY,CASSTGLAAQETQYF,1
ATDALMTGY,CASSWWETSHEQFF,1
ATDALMTGY,CATSDASLSSYNEQFF,1
ATDALMTGY,CSAREIASSNQPQHF,1
ATDALMTGY,CSARPIDSSNQPQHF,1
AVFDRKSDAK,CASSLASATGELF,1
AVFDRKSDAK,CASSLTSAAGELF,1
AVFDRKSDAK,CASSPTSAAGELF,1
AVFDRKSDAK,CASSRTSATGELF,1
AVFDRKSDAK,CASSVTSATGELF,1
AVFDRKSDAK,CASGMTGLTSEQYF,1
AVFDRKSDAK,CASGWGSQPQHF,1
AVFDRKSDAK,CASRIGYTEAFF,1
AVFDRKSDAK,CASRKGAPGINEQFF,1
AVFDRKSDAK,CASRRRGDWYTEAFF,1
AVFDRKSDAK,CASSAPGLAVNEQFF,1
AVFDRKSDAK,CASSDDGMNTEAFF,1
AVFDRKSDAK,CASSDIRGLGSNQPQHF,1
AVFDRKSDAK,CASSDPNSRNYGYTF,1
AVFDRKSDAK,CASSEDRREREKLFF,1
AVFDRKSDAK,CASSEEHTGVGSNQPQHF,1
AVFDRKSDAK,CASSERDPYEQYF,1
AVFDRKSDAK,CASSESWGPYEQYF,1
AVFDRKSDAK,CASSEYRMGQGNSGYTF,1
AVFDRKSDAK,CASSFIQGAPSGNTIYF,1
AVFDRKSDAK,CASSFPGSETQYF,1
AVFDRKSDAK,CASSIGTAAEAFF,1
AVFDRKSDAK,CASSIQTGGTEAFF,1
AVFDRKSDAK,CASSIRSTGELFF,1
AVFDRKSDAK,CASSLEGSGVTGKLFF,1
AVFDRKSDAK,CASSLFLAAQETQYF,1
AVFDRKSDAK,CASSLFQGSGTEAFF,1
AVFDRKSDAK,CASSLGFLDTGGLYGTEAFF,1
AVFDRKSDAK,CASSLGGGLGNEQFF,1
AVFDRKSDAK,CASSLGQTGSYEQYF,1
AVFDRKSDAK,CASSLGTGFGYTF,1
AVFDRKSDAK,CASSLMLAGTTDTQYF,1
AVFDRKSDAK,CASSLNRGAREKLFF,1
AVFDRKSDAK,CASSLPDRGSRFGFF,1
AVFDRKSDAK,CASSLRSAAGWPFF,1
AVFDRKSDAK,CASSLSSATGELFF,1
AVFDRKSDAK,CASSLTGQGAYGYTF,1
AVFDRKSDAK,CASSLTSAAGELFF,1
AVFDRKSDAK,CASSLTSATGELFF,1
AVFDRKSDAK,CASSLTSGEETQYF,1
AVFDRKSDAK,CASSLYSATGELFF,1
AVFDRKSDAK,CASSMSTGRSYEQYF,1
AVFDRKSDAK,CASSPDGSYEQYF,1
AVFDRKSDAK,CASSPGDTRTDTQYF,1
AVFDRKSDAK,CASSPGTPYEQYF,1
AVFDRKSDAK,CASSPPGGGNTGELFF,1
AVFDRKSDAK,CASSPQGHTGELFF,1
AVFDRKSDAK,CASSPQTGKRLYEQYF,1
AVFDRKSDAK,CASSPRAGKETQYF,1
AVFDRKSDAK,CASSPRGVTEAFF,1
AVFDRKSDAK,CASSPTENQPQHF,1
AVFDRKSDAK,CASSPTPRDSYGYTF,1
AVFDRKSDAK,CASSPTQGAVNEQYF,1
AVFDRKSDAK,CASSQDAGYEAFF,1
AVFDRKSDAK,CASSQDLVVSSGNTIYF,1
AVFDRKSDAK,CASSQDQASPYEQYF,1
AVFDRKSDAK,CASSQEGTGSYEQYF,1
AVFDRKSDAK,CASSQEVSSGGSNEQFF,1
AVFDRKSDAK,CASSQRIGRGGPRNTDTQYF,1
AVFDRKSDAK,CASSQSGTGYGYTF,1
AVFDRKSDAK,CASSQVIGRGYEQYF,1
AVFDRKSDAK,CASSQYPRLAGEKNQETQYF,1
AVFDRKSDAK,CASSRDLSGANVLTF,1
AVFDRKSDAK,CASSRGEGRGIQYF,1
AVFDRKSDAK,CASSRLALLTDTQYF,1
AVFDRKSDAK,CASSRSRGLEHYEQYF,1
AVFDRKSDAK,CASSRTSATGELFF,1
AVFDRKSDAK,CASSSGSRRPQHF,1
AVFDRKSDAK,CASSSGTAAYEQYF,1
AVFDRKSDAK,CASSSRDYQETQYF,1
AVFDRKSDAK,CASSTQTGSGYTF,1
AVFDRKSDAK,CASSVAVGTGSGANVLTF,1
AVFDRKSDAK,CASSVRSSMNTEAFF,1
AVFDRKSDAK,CASSVRSTGELFF,1
AVFDRKSDAK,CASSVSSGGPEAFF,1
AVFDRKSDAK,CASSYGGNTEAFF,1
AVFDRKSDAK,CASSYSASSGTKNIQYF,1
AVFDRKSDAK,CASSYSTGNYGYTF,1
AVFDRKSDAK,CASSYTGGDTEAFF,1
AVFDRKSDAK,CASSYTTGQTNTGELFF,1
AVFDRKSDAK,CASTQTSAAGELFF,1
AVFDRKSDAK,CATNRGFTEAFF,1
AVFDRKSDAK,CATSDPDSPTDTQYF,1
AVFDRKSDAK,CATSEGTYEQYF,1
AVFDRKSDAK,CATSGGLSTEAFF,1
AVFDRKSDAK,CATSRDRVAGGYNEQFF,1
AVFDRKSDAK,CATSRSGLAGVYSYEQYV,1
AVFDRKSDAK,CSARDHNEGSYNEQFF,1
AVFDRKSDAK,CSARDYRTGDEKLFF,1
AVFDRKSDAK,CSAREVSGEKLFF,1
AVFDRKSDAK,CSASGLAGVLTDTQYF,1
AVFDRKSDAK,CSVDLEANYGYTF,1
AVFDRKSDAK,CSVEVGPLDYEQYF,1
AVFDRKSDAK,CSVGAGDYEQYF,1
AVFDRKSDAK,CASSLASATGELFF,1
AVFDRKSDAK,CASSLTSAAGELFF,1
AVFDRKSDAK,CASSLTSATGELFF,1
AVFDRKSDAK,CASSPTSAAGELFF,1
AVFDRKSDAK,CASSRTSATGELFF,1
AVFDRKSDAK,CASSVTSATGELFF,1
AVFDRKSDAK,CATGPRANTGELFF,1
AVGSHVYSV,CASSFRGEAFF,1
AVGSHVYSV,CASSLAYEQYF,1
AVGSHVYSV,CASSVDGGPQETQYF,1
AVGSYVYSV,CASSLGNGGWAEAFF,1
AVGSYVYSV,CASSRDGFEKLFF,1
AYAQKIFKI,CASSISEYNEQFF,1
AYAQKIFKI,CASSLADGNQPQHF,1
AYAQKIFKI,CASSLGIAGGLGQTQYF,1
AYAQKIFKI,CASSLRDRGHEQYF,1
AYAQKIFKI,CASSPGREGYNEQFF,1
AYAQKIFKI,CASSPIFRNSNQPQHF,1
AYAQKIFKI,CASSSTGTSGNRAEQFF,1
AYAQKIFKI,CASTPENQETQYF,1
AYAQKIFKI,CAWSVSEQFF,1
AYAQKIFKI,CSARVFGGDSQETQYF,1
AYAQKIFKI,CSVEDPGHLRGEQYF,1
CINGVCWTV,CASNQGTATEAFF,1
CINGVCWTV,CASNRENEKLFF,1
CINGVCWTV,CASQHGPGIGTGELFF,1
CINGVCWTV,CASRETGGVWETQYF,1
CINGVCWTV,CASRLLAGAYEQYF,1
CINGVCWTV,CASSAGQGGEHQPQHF,1
CINGVCWTV,CASSDDVGRLAYEQYF,1
CINGVCWTV,CASSDLGQGRMNTEAFF,1
CINGVCWTV,CASSDSLVRGYQETQYF,1
CINGVCWTV,CASSEIGRSTGELFF,1
CINGVCWTV,CASSFEIAGGNEQFF,1
CINGVCWTV,CASSFGRQAYEQYF,1
CINGVCWTV,CASSGPGGGAFF,1
CINGVCWTV,CASSHSAGVFMNTEAFF,1
CINGVCWTV,CASSLARQEETQYF,1
CINGVCWTV,CASSLDKPPPDTGELFF,1
CINGVCWTV,CASSLEGNGHREQYF,1
CINGVCWTV,CASSLEGTSGSPDLNEQFF,1
CINGVCWTV,CASSLENGQYEQYF,1
CINGVCWTV,CASSLETGKWGEQYF,1
CINGVCWTV,CASSLFSQGWTEAFF,1
CINGVCWTV,CASSLGPPPDNEQFF,1
CINGVCWTV,CASSLGTGAPYEQYF,1
CINGVCWTV,CASSLLGLAGVGELFF,1
CINGVCWTV,CASSLLLAGGYQETQYF,1
CINGVCWTV,CASSLPDRAGEKLFF,1
CINGVCWTV,CASSLQEWDPNYGYTF,1
CINGVCWTV,CASSLSTGAPYEQYF,1
CINGVCWTV,CASSLTGTGFKQFF,1
CINGVCWTV,CASSLTLAGGIGTDTQYF,1
CINGVCWTV,CASSLTLGLAGVETQYF,1
CINGVCWTV,CASSLTVSLSPDLNEQFF,1
CINGVCWTV,CASSLVENTEAF,1
CINGVCWTV,CASSLVENTEAFF,1
CINGVCWTV,CASSLYIQGGEQYF,1
CINGVCWTV,CASSPRTSGGYQEPQYF,1
CINGVCWTV,CASSPRTSGGYQETQYF,1
CINGVCWTV,CASSQAENTEAFF,1
CINGVCWTV,CASSQAQSGTAPYEQYF,1
CINGVCWTV,CASSQDPLAGYTGELFF,1
CINGVCWTV,CASSQEASGGPYEQYF,1
CINGVCWTV,CASSQEGGTEQFF,1
CINGVCWTV,CASSQEGQGAPYEQYF,1
CINGVCWTV,CASSQEGSGAPYEQYF,1
CINGVCWTV,CASSQEKGTEAFF,1
CINGVCWTV,CASSQEMSTGLGEQYF,1
CINGVCWTV,CASSQEPGAPNTGELFF,1
CINGVCWTV,CASSQEPSGGTNTGELFF,1
CINGVCWTV,CASSQEQGGWGEQYF,1
CINGVCWTV,CASSQESGTEAFF,1
CINGVCWTV,CASSQEVAAGGGDTQYF,1
CINGVCWTV,CASSQEVGQRLLNTGELFF,1
CINGVCWTV,CASSQEVGTSGEGEQFF,1
CINGVCWTV,CASSQEVTVPTYEQYF,1
CINGVCWTV,CASSQGGDTEAFF,1
CINGVCWTV,CASSQGGQGAPYEQYF,1
CINGVCWTV,CASSQVQTEPSGYTF,1
CINGVCWTV,CASSRPVGLFNYGYTF,1
CINGVCWTV,CASSRSDREMFNYGYTF,1
CINGVCWTV,CASSSGQGNIQYF,1
CINGVCWTV,CASSSPSGRPTLYNEQFF,1
CINGVCWTV,CASSSSMESGNTIYF,1
CINGVCWTV,CASSVDEGNTGELFF,1
CINGVCWTV,CASSWRQGATNYGYTF,1
CINGVCWTV,CASSYLGDIQFNQPQHF,1
CINGVCWTV,CASSYSVKGLNTEAFF,1
CINGVCWTV,CASTTGSSEKLFF,1
CINGVCWTV,CATSNLDSFGGYTF,1
CINGVCWTV,CATSPGQGFYNEQFF,1
CINGVCWTV,CATSRDPQYQPQHF,1
CINGVCWTV,CATSTTFQTDYAEPYGYTF,1
CINGVCWTV,CSAGESTPEAFF,1
CINGVCWTV,CSATGGRHTGELFF,1
CINGVCWTV,CSATRSSGEPEQFF,1
CINGVCWTV,CAISRDSIQFGNTIYF,1
CINGVCWTV,CANRDRGRDEQFF,1
CINGVCWTV,CASGTGANEKLFF,1
CINGVCWTV,CASGWPGGLNSNQPQHF,1
CINGVCWTV,CASIRLAGEHNEQFF,1
CINGVCWTV,CASISSNQPQHF,1
CINGVCWTV,CASLEEDTGELFF,1
CINGVCWTV,CASRDVVGRLSSYNEQFF,1
CINGVCWTV,CASSDGQTEKLFF,1
CINGVCWTV,CASSDPLAGGNEQYF,1
CINGVCWTV,CASSELGTGDYEQYF,1
CINGVCWTV,CASSEVVTAFSYEQYF,1
CINGVCWTV,CASSFGDQQYF,1
CINGVCWTV,CASSKQTGTGETKNIQYF,1
CINGVCWTV,CASSLAGTSTEQFF,1
CINGVCWTV,CASSLASLGLALSSYEQYF,1
CINGVCWTV,CASSLEGLVAVETQYF,1
CINGVCWTV,CASSLEQGAVDGNTIYF,1
CINGVCWTV,CASSLEVAGGNEQFF,1
CINGVCWTV,CASSLGTQTYEQYF,1
CINGVCWTV,CASSLGTSGGFTDTQYF,1
CINGVCWTV,CASSLPQGRYMNTEAFF,1
CINGVCWTV,CASSLRSDTEAFF,1
CINGVCWTV,CASSLSGGNQETQYF,1
CINGVCWTV,CASSLSGTGELFF,1
CINGVCWTV,CASSLTCDRTHSVYGYTF,1
CINGVCWTV,CASSPEQGPLEAFF,1
CINGVCWTV,CASSPGTSDPANYGYTF,1
CINGVCWTV,CASSPWAVGAMNTEAFF,1
CINGVCWTV,CASSQAAGVGYPTEAFF,1
CINGVCWTV,CASSQDLGLLRDTGELFF,1
CINGVCWTV,CASSQDPLAGGGGEQFF,1
CINGVCWTV,CASSQEPSGSWGEQYF,1
CINGVCWTV,CASSQEQGAPGELFF,1
CINGVCWTV,CASSQGGDRGDPGDGYTF,1
CINGVCWTV,CASSQGLPNEKLFF,1
CINGVCWTV,CASSQGQTNEKLFF,1
CINGVCWTV,CASSQLLAGGSYEQYF,1
CINGVCWTV,CASSQQGEKLFF,1
CINGVCWTV,CASSRFLGSGGAAEQFF,1
CINGVCWTV,CASSRGPDTEAFF,1
CINGVCWTV,CASSSAPEGLSYEQYF,1
CINGVCWTV,CASSSGQGNIQYF,1
CINGVCWTV,CASSSLADFYQPQHF,1
CINGVCWTV,CASSTGGGTEAFF,1
CINGVCWTV,CASSTPPGVNSNQPQHF,1
CINGVCWTV,CASSVDEGNTGELFF,1
CINGVCWTV,CASSYLFGDANTGELFF,1
CINGVCWTV,CASSYSAGTLDYGYTF,1
CINGVCWTV,CASTRDTEAFF,1
CINGVCWTV,CASTSQSELFF,1
CINGVCWTV,CASVGGNYGYTF,1
CINGVCWTV,CATSDAPGTGIPYEQYF,1
CINGVCWTV,CATSDQSREQYF,1
CINGVCWTV,CATSEPAGLAGGNNEQFF,1
CINGVCWTV,CAWRLGSGEKLFF,1
CINGVCWTV,CSAPGPGVSVEKLFF,1
CINGVCWTV,CSAQTGRDTEAFF,1
CINGVCWTV,CSAWTGSATEAFF,1
CINGVCWTV,CAISRDSIQFGNTIYF,1
CINGVCWTV,CANRDRGRDEQFF,1
CINGVCWTV,CASGTGANEKLFF,1
CINGVCWTV,CASGWPGGLNSNQPQHF,1
CINGVCWTV,CASIRLAGEHNEQFF,1
CINGVCWTV,CASISSNQPQHF,1
CINGVCWTV,CASLEEDTGELFF,1
CINGVCWTV,CASRDVVGRLSSYNEQFF,1
CINGVCWTV,CASSDGQTEKLFF,1
CINGVCWTV,CASSDPLAGGNEQYF,1
CINGVCWTV,CASSELGTGDYEQYF,1
CINGVCWTV,CASSEVVTAFSYEQYF,1
CINGVCWTV,CASSFGDQQYF,1
CINGVCWTV,CASSKQTGTGETKNIQYF,1
CINGVCWTV,CASSLASLGLALSSYEQYF,1
CINGVCWTV,CASSLEQGAVDGNTIYF,1
CINGVCWTV,CASSLEVAGGNEQFF,1
CINGVCWTV,CASSLGTQTYEQYF,1
CINGVCWTV,CASSLPQGRYMNTEAFF,1
CINGVCWTV,CASSLRSDTEAFF,1
CINGVCWTV,CASSLSGTGELFF,1
CINGVCWTV,CASSLTCDRTHSVYGYTF,1
CINGVCWTV,CASSPEQGPLEAFF,1
CINGVCWTV,CASSPGTSDPANYGYTF,1
CINGVCWTV,CASSPWAVGAMNTEAFF,1
CINGVCWTV,CASSQAAGVGYPTEAFF,1
CINGVCWTV,CASSQDLGLLRDTGELFF,1
CINGVCWTV,CASSQDPLAGGGGEQFF,1
CINGVCWTV,CASSQEPSGSWGEQYF,1
CINGVCWTV,CASSQEQGAPGELFF,1
CINGVCWTV,CASSQGGDRGDPGDGYTF,1
CINGVCWTV,CASSQGLPNEKLFF,1
CINGVCWTV,CASSQGQTNEKLFF,1
CINGVCWTV,CASSQLLAGGSYEQYF,1
CINGVCWTV,CASSQQGEKLFF,1
CINGVCWTV,CASSRFLGSGGAAEQFF,1
CINGVCWTV,CASSRGPDTEAFF,1
CINGVCWTV,CASSSAPEGLSYEQYF,1
CINGVCWTV,CASSSGQGNIQYF,1
CINGVCWTV,CASSTGGGTEAFF,1
CINGVCWTV,CASSTPPGVNSNQPQHF,1
CINGVCWTV,CASSYLFGDANTGELFF,1
CINGVCWTV,CASSYSAGTLDYGYTF,1
CINGVCWTV,CASTRDTEAFF,1
CINGVCWTV,CASTSQSELFF,1
CINGVCWTV,CASVGGNYGYTF,1
CINGVCWTV,CATSDAPGTGIPYEQYF,1
CINGVCWTV,CATSDQSREQYF,1
CINGVCWTV,CAWRLGSGEKLFF,1
CINGVCWTV,CSAPGPGVSVEKLFF,1
CINGVCWTV,CSAWTGSATEAFF,1
CLGGLLTMV,CASSEGQDFYEQYF,1
CLGGLLTMV,CASSERVGETQYF,1
CLGGLLTMV,CASSLGQGVLSDTQYF,1
CLGGLLTMV,CASSLSAEAFF,1
CLGGLLTMV,CASSLVGGGREYTGELFF,1
CLGGLLTMV,CASSLVQGDNYGYTF,1
CLGGLLTMV,CASSQDGDRVYGYTF,1
CLGGLLTMV,CASSQIGGQGGGNEQFF,1
CLGGLLTMV,CASSSVVAGNSPLHF,1
CLGGLLTMV,CASSVVGGPGEQYF,1
CLGGLLTMV,CATSRGWIAGFEQFF,1
CLGGLLTMV,CATSRPNRGEAFF,1
CLGGLLTMV,CSANSGEGGTTDTQYF,1
CLGGLLTMV,CSASPRGGEQYF,1
CLGGLLTMV,CSGFGDRGNTDTQYF,1
CLGGLLTMV,CSVEFVSSGNTIYF,1
CLGGLLTMV,CSVGNSGYQETQYF,1
CLGGLLTMV,CSVLGQGDGEQFF,1
CLGGLLTMV,CSVMLANQETQYF,1
CLNEYHLFL,CASSFGGPPNTGELFF,1
CLNEYHLFL,CASSFKGTGPNQPQHF,1
CLNEYHLFL,CASSIGPVNTEAFF,1
CLNEYHLFL,CASSPTGLGETQYF,1
CLNEYHLFL,CASSPYRAGYEQYF,1
CLNEYHLFL,CASSQDLSGGVYYGYTF,1
CLNEYHLFL,CASSRTGITDTQYF,1
CLNEYHLFL,CASSVAASPSGNTIYF,1
CLNEYHLFL,CSAPPGPLAHTQYF,1
CLNEYHLFL,CSTLLAGGGDEQYF,1
CRVLCCYVL,CAARPEYPVYEQYF,1
CRVLCCYVL,CAGDSWNNEQFF,1
CRVLCCYVL,CAGSLFLSYEQYF,1
CRVLCCYVL,CAIDAGAGEQYF,1
CRVLCCYVL,CAISAGPQVETQYF,1
CRVLCCYVL,CAISEETPNTEAFF,1
CRVLCCYVL,CAISESTPNTEAFF,1
CRVLCCYVL,CAISGFGQGDTEAFF,1
CRVLCCYVL,CAISTDLPNTEAFF,1
CRVLCCYVL,CAISTGETLQETQYF,1
CRVLCCYVL,CAITTDNPNTEAFF,1
CRVLCCYVL,CASAAGRYGYTF,1
CRVLCCYVL,CASAAQGAPNEKLFF,1
CRVLCCYVL,CASAKGKNEQFF,1
CRVLCCYVL,CASAPGPGGTEAFF,1
CRVLCCYVL,CASDAGDRETQYF,1
CRVLCCYVL,CASDSGAPYNEQFF,1
CRVLCCYVL,CASEPYPNEQFF,1
CRVLCCYVL,CASERGRGEAFF,1
CRVLCCYVL,CASGDPEDKPSDEQFF,1
CRVLCCYVL,CASGLAGPNEQFF,1
CRVLCCYVL,CASGMFSGSYNEQFF,1
CRVLCCYVL,CASMTGQKNSPLHF,1
CRVLCCYVL,CASNGQAWTYEQYF,1
CRVLCCYVL,CASNPTGGLETQYF,1
CRVLCCYVL,CASQDFYNEQFF,1
CRVLCCYVL,CASQLTGAPNTEAFF,1
CRVLCCYVL,CASQPGQKNTEAFF,1
CRVLCCYVL,CASRCPDRGQGYEQYF,1
CRVLCCYVL,CASRDGTPNTEAFF,1
CRVLCCYVL,CASRDTGTAHGYTF,1
CRVLCCYVL,CASRETSTDTQYF,1
CRVLCCYVL,CASRGLKGPGQPQHF,1
CRVLCCYVL,CASRGTGIGTGELFF,1
CRVLCCYVL,CASRPEWPDYGYTF,1
CRVLCCYVL,CASRPTGGFDNSPLHF,1
CRVLCCYVL,CASRPTLYSNQPQHF,1
CRVLCCYVL,CASRQGLDTQYF,1
CRVLCCYVL,CASRQTLSSGNTIYF,1
CRVLCCYVL,CASRRGQEKLFF,1
CRVLCCYVL,CASRRQVFNSPLHF,1
CRVLCCYVL,CASRWGLAGELFF,1
CRVLCCYVL,CASRWGLGGELFF,1
CRVLCCYVL,CASRWTSGGNEQFF,1
CRVLCCYVL,CASSAATPNTEAFF,1
CRVLCCYVL,CASSAESPGTYTYNEQFF,1
CRVLCCYVL,CASSAGAYEQYF,1
CRVLCCYVL,CASSAGDEQYF,1
CRVLCCYVL,CASSAGGSYEQYF,1
CRVLCCYVL,CASSAGLAASTDTQYF,1
CRVLCCYVL,CASSAGTPGDTQYF,1
CRVLCCYVL,CASSAPGLAVGEQFF,1
CRVLCCYVL,CASSAPRETQYF,1
CRVLCCYVL,CASSAQGAPNSPLHF,1
CRVLCCYVL,CASSASGQAYEQYF,1
CRVLCCYVL,CASSAVTWEPQHF,1
CRVLCCYVL,CASSAWDNEQFF,1
CRVLCCYVL,CASSDFYGPYEQYF,1
CRVLCCYVL,CASSDGPGSTRPEYF,1
CRVLCCYVL,CASSDGTSGDKETQYF,1
CRVLCCYVL,CASSDGTSGPQETQYF,1
CRVLCCYVL,CASSDPTADYNEQFF,1
CRVLCCYVL,CASSDRANEQFF,1
CRVLCCYVL,CASSDWSDTQYF,1
CRVLCCYVL,CASSEAGGAFSYEQYF,1
CRVLCCYVL,CASSEAGLVNPYQETQYF,1
CRVLCCYVL,CASSEFLTYEQYF,1
CRVLCCYVL,CASSEGGTPPESLFF,1
CRVLCCYVL,CASSEGLAGAYEQYF,1
CRVLCCYVL,CASSEGLAYGYTF,1
CRVLCCYVL,CASSEGLGLGYTF,1
CRVLCCYVL,CASSEGRLEQYF,1
CRVLCCYVL,CASSEGRNEQYF,1
CRVLCCYVL,CASSEIGFSGANVLTF,1
CRVLCCYVL,CASSELDFQETQYF,1
CRVLCCYVL,CASSEPHSDTQYF,1
CRVLCCYVL,CASSEPRETQYF,1
CRVLCCYVL,CASSESAGTGSYEQYF,1
CRVLCCYVL,CASSESGGTGTYEQYF,1
CRVLCCYVL,CASSESSDVYGYTF,1
CRVLCCYVL,CASSESTGFDGYTF,1
CRVLCCYVL,CASSEVETDTQYF,1
CRVLCCYVL,CASSEVLFEQFF,1
CRVLCCYVL,CASSEVVFEQFF,1
CRVLCCYVL,CASSFDRPGDEQYF,1
CRVLCCYVL,CASSFEGTSPSYEQYF,1
CRVLCCYVL,CASSFGDTQYF,1
CRVLCCYVL,CASSFGEGRKTQYF,1
CRVLCCYVL,CASSFGGWSGEQYF,1
CRVLCCYVL,CASSFGTGRQFF,1
CRVLCCYVL,CASSFGTGTSELTDTQYF,1
CRVLCCYVL,CASSFLGREAFF,1
CRVLCCYVL,CASSFLQGDIIMGYNEQFF,1
CRVLCCYVL,CASSFNVQGGGDTQYF,1
CRVLCCYVL,CASSFPADRGSWGNEQFF,1
CRVLCCYVL,CASSFPDTQYF,1
CRVLCCYVL,CASSFPGGRATESSYNEQFF,1
CRVLCCYVL,CASSFQGAVGTDTQYF,1
CRVLCCYVL,CASSFQGEADTQYF,1
CRVLCCYVL,CASSFRTGVGYTF,1
CRVLCCYVL,CASSFSPHLDGTGYGYTF,1
CRVLCCYVL,CASSFTAGNTDTQYF,1
CRVLCCYVL,CASSFTANQETQYF,1
CRVLCCYVL,CASSFTDTQYF,1
CRVLCCYVL,CASSFTSGGYNEQFF,1
CRVLCCYVL,CASSFVGGEQFF,1
CRVLCCYVL,CASSFYLAEQFF,1
CRVLCCYVL,CASSGDNYNSPLHF,1
CRVLCCYVL,CASSGGQKNEKLFF,1
CRVLCCYVL,CASSGLGLAFSYEQYF,1
CRVLCCYVL,CASSGLSLTLVEQYF,1
CRVLCCYVL,CASSGTQGEHTEAFF,1
CRVLCCYVL,CASSGVEPGSPLHF,1
CRVLCCYVL,CASSGWDNEQFF,1
CRVLCCYVL,CASSHEDRGHFWETQYF,1
CRVLCCYVL,CASSHIQGAGELFF,1
CRVLCCYVL,CASSHWDGMATF,1
CRVLCCYVL,CASSIAGVAYEQYF,1
CRVLCCYVL,CASSIGQGLYGYTF,1
CRVLCCYVL,CASSIPYNEQFF,1
CRVLCCYVL,CASSLADRVQEYF,1
CRVLCCYVL,CASSLADTPNEKLFF,1
CRVLCCYVL,CASSLAEGGSSYNSPLHF,1
CRVLCCYVL,CASSLAGLAGAETQYF,1
CRVLCCYVL,CASSLAGPISGDTQYF,1
CRVLCCYVL,CASSLAGTDNQPQHF,1
CRVLCCYVL,CASSLAPAGGYSTDTQYF,1
CRVLCCYVL,CASSLAPSGRPEAFF,1
CRVLCCYVL,CASSLAPTGLPEAFF,1
CRVLCCYVL,CASSLAQGRTEAFF,1
CRVLCCYVL,CASSLAVDEQYF,1
CRVLCCYVL,CASSLAVEGITEAFF,1
CRVLCCYVL,CASSLDAAYGNTEAFF,1
CRVLCCYVL,CASSLDLPDSPLHF,1
CRVLCCYVL,CASSLDLSTNEKLFF,1
CRVLCCYVL,CASSLDRGGTEAFF,1
CRVLCCYVL,CASSLDRPGDEQYF,1
CRVLCCYVL,CASSLDRQVDEKLFF,1
CRVLCCYVL,CASSLDVPDTEAFF,1
CRVLCCYVL,CASSLEAWDEQFF,1
CRVLCCYVL,CASSLEGRKGYNEQFF,1
CRVLCCYVL,CASSLELAVTDTQYF,1
CRVLCCYVL,CASSLELGGVGVDEQYF,1
CRVLCCYVL,CASSLETPNNEQFF,1
CRVLCCYVL,CASSLFDGSEQYF,1
CRVLCCYVL,CASSLFDLTGNYEQYF,1
CRVLCCYVL,CASSLFEGFGNTIYF,1
CRVLCCYVL,CASSLFGTGRGYSNQPQHF,1
CRVLCCYVL,CASSLFTGRPYEQYF,1
CRVLCCYVL,CASSLFTLAGEQYF,1
CRVLCCYVL,CASSLFWGLTEAFF,1
CRVLCCYVL,CASSLGDYSIVETQYF,1
CRVLCCYVL,CASSLGEPNTEAFF,1
CRVLCCYVL,CASSLGGQSSYEQYF,1
CRVLCCYVL,CASSLGGVNVEAFF,1
CRVLCCYVL,CASSLGIGAPAGELFF,1
CRVLCCYVL,CASSLGIPSSYEQYF,1
CRVLCCYVL,CASSLGIPTGYEQYF,1
CRVLCCYVL,CASSLGLEQTYEQYF,1
CRVLCCYVL,CASSLGPVQTNTEAFF,1
CRVLCCYVL,CASSLGPYTDTQYF,1
CRVLCCYVL,CASSLGQKNTEAFF,1
CRVLCCYVL,CASSLGRETQYF,1
CRVLCCYVL,CASSLGSSGRGEQYF,1
CRVLCCYVL,CASSLGTERFEKLFF,1
CRVLCCYVL,CASSLGTVMALKSSYEQYF,1
CRVLCCYVL,CASSLGVGFGANTEAFF,1
CRVLCCYVL,CASSLGVPQGTQYF,1
CRVLCCYVL,CASSLIAGGAYEQYF,1
CRVLCCYVL,CASSLIGLANYNEQFF,1
CRVLCCYVL,CASSLISLTNEQFF,1
CRVLCCYVL,CASSLLAGASGTDTQYF,1
CRVLCCYVL,CASSLLDSLKNIQYF,1
CRVLCCYVL,CASSLLGTYSYNEQFF,1
CRVLCCYVL,CASSLLPGQEKLFF,1
CRVLCCYVL,CASSLLTPDYTEAFF,1
CRVLCCYVL,CASSLMGGPPSYNEQFF,1
CRVLCCYVL,CASSLMGLAEYNEQFF,1
CRVLCCYVL,CASSLMGLAGEETQYF,1
CRVLCCYVL,CASSLMTDQPQHF,1
CRVLCCYVL,CASSLNAGNTEAFF,1
CRVLCCYVL,CASSLNSGTDTQYF,1
CRVLCCYVL,CASSLQGPTEAFF,1
CRVLCCYVL,CASSLQPAPDSPLHF,1
CRVLCCYVL,CASSLRGASGRPEGETQYF,1
CRVLCCYVL,CASSLRTDVYNEQFF,1
CRVLCCYVL,CASSLRTETYNEQFF,1
CRVLCCYVL,CASSLRTEVYNEQFF,1
CRVLCCYVL,CASSLSEISYEQYF,1
CRVLCCYVL,CASSLSEVGLHEQYF,1
CRVLCCYVL,CASSLSEVGYEQYF,1
CRVLCCYVL,CASSLSGLAGEETQYF,1
CRVLCCYVL,CASSLSGLAGQETQYF,1
CRVLCCYVL,CASSLSGLDNEQFF,1
CRVLCCYVL,CASSLSGLENEQFF,1
CRVLCCYVL,CASSLSGLYNEQFF,1
CRVLCCYVL,CASSLSGMKETQYF,1
CRVLCCYVL,CASSLSQAGWETQYF,1
CRVLCCYVL,CASSLTGLADYNEQFF,1
CRVLCCYVL,CASSLTGLQYQETQYF,1
CRVLCCYVL,CASSLTGLRGQETQYF,1
CRVLCCYVL,CASSLTGTEETQYF,1
CRVLCCYVL,CASSLTGTYSYNEQFF,1
CRVLCCYVL,CASSLTHLSYGYTF,1
CRVLCCYVL,CASSLTLQETQYF,1
CRVLCCYVL,CASSLTQDQETQYF,1
CRVLCCYVL,CASSLTVPGAGELFF,1
CRVLCCYVL,CASSLVAGDSQPQHF,1
CRVLCCYVL,CASSLVGGAAGYTF,1
CRVLCCYVL,CASSLVGLAGQETQYF,1
CRVLCCYVL,CASSLVGRTEAFF,1
CRVLCCYVL,CASSLVGTEAFF,1
CRVLCCYVL,CASSLVPGQKYNSPLHF,1
CRVLCCYVL,CASSLWDSYTF,1
CRVLCCYVL,CASSLYGFYEQYF,1
CRVLCCYVL,CASSMGQKNQPQHF,1
CRVLCCYVL,CASSPALTGLSYEQYF,1
CRVLCCYVL,CASSPDRRGSGANVLTF,1
CRVLCCYVL,CASSPDVGNTIYF,1
CRVLCCYVL,CASSPDWVQETQYF,1
CRVLCCYVL,CASSPEGGRTGELFF,1
CRVLCCYVL,CASSPGDEQFF,1
CRVLCCYVL,CASSPGDEQYF,1
CRVLCCYVL,CASSPGDTQYF,1
CRVLCCYVL,CASSPGESYEQYF,1
CRVLCCYVL,CASSPGQGVTKNIQYF,1
CRVLCCYVL,CASSPGTANLYGYTF,1
CRVLCCYVL,CASSPGTASNQPQHF,1
CRVLCCYVL,CASSPGTPNTEAFF,1
CRVLCCYVL,CASSPGTPRDEQFF,1
CRVLCCYVL,CASSPGWNTEAFF,1
CRVLCCYVL,CASSPIAVSPTDTQYF,1
CRVLCCYVL,CASSPISNEQFF,1
CRVLCCYVL,CASSPISNEQYF,1
CRVLCCYVL,CASSPLSHTSSYNEQFF,1
CRVLCCYVL,CASSPLTLTGELFF,1
CRVLCCYVL,CASSPLTQTPSYNEQFF,1
CRVLCCYVL,CASSPPDRDRSGANVLTF,1
CRVLCCYVL,CASSPPGGGEKLFF,1
CRVLCCYVL,CASSPPVQETQYF,1
CRVLCCYVL,CASSPRTGGTGELFF,1
CRVLCCYVL,CASSPSRTGLSYEQYF,1
CRVLCCYVL,CASSPTPSSTDTQYF,1
CRVLCCYVL,CASSPTQGRGSEQFF,1
CRVLCCYVL,CASSPVGGGYTF,1
CRVLCCYVL,CASSPVSNEQFF,1
CRVLCCYVL,CASSPVSQGVRYNEQFF,1
CRVLCCYVL,CASSPWDGTQYF,1
CRVLCCYVL,CASSPYGVAGDGETQYF,1
CRVLCCYVL,CASSQAMDRLNTEAFF,1
CRVLCCYVL,CASSQAPAGGPGLGTDTQYF,1
CRVLCCYVL,CASSQATPNTEAFF,1
CRVLCCYVL,CASSQAWVAGETQYF,1
CRVLCCYVL,CASSQDEIAYNEKLFF,1
CRVLCCYVL,CASSQDFFETAAQFF,1
CRVLCCYVL,CASSQDFLNTGFLYNEQFF,1
CRVLCCYVL,CASSQDFSGEKLFF,1
CRVLCCYVL,CASSQDIATGVGYNEQFF,1
CRVLCCYVL,CASSQDISGGLLSDTQYF,1
CRVLCCYVL,CASSQDLAGGLLSDTQYF,1
CRVLCCYVL,CASSQDLAGGLLSYEQYF,1
CRVLCCYVL,CASSQDLGAGQLLSYEQYF,1
CRVLCCYVL,CASSQDLSGQLLADEQYF,1
